warehouse_id,product_id,quantity
1,1,13
1,2,126
1,3,378
1,4,380
1,5,45
1,6,17
1,7,0
1,8,259
1,9,288
1,10,333
1,11,215
1,12,302
1,13,446
1,14,0
1,15,358
1,16,143
1,17,491
1,18,53
1,19,0
1,20,0
1,21,310
1,22,23
1,23,275
1,24,473
1,25,283
1,26,322
1,27,442
1,28,99
1,29,24
1,30,396
1,31,41
1,32,444
1,33,143
1,34,428
1,35,190
1,36,344
1,37,480
1,38,37
1,39,88
1,40,126
1,41,195
1,42,474
1,43,286
1,44,167
1,45,398
1,46,0
1,47,413
1,48,138
1,49,0
1,50,291
1,51,162
1,52,256
1,53,469
1,54,74
1,55,127
1,56,276
1,57,300
1,58,299
1,59,113
1,60,71
1,61,47
1,62,441
1,63,322
1,64,349
1,65,33
1,66,306
1,67,271
1,68,284
1,69,6
1,70,59
1,71,275
1,72,394
1,73,58
1,74,81
1,75,489
1,76,369
1,77,257
1,78,260
1,79,446
1,80,431
1,81,312
1,82,192
1,83,277
1,84,473
1,85,1
1,86,251
1,87,0
1,88,450
1,89,414
1,90,30
1,91,291
1,92,44
1,93,418
1,94,0
1,95,393
1,96,338
1,97,282
1,98,271
1,99,217
1,100,476
1,101,374
1,102,366
1,103,344
1,104,225
1,105,232
1,106,116
1,107,0
1,108,0
1,109,302
1,110,37
1,111,31
1,112,464
1,113,0
1,114,264
1,115,343
1,116,277
1,117,479
1,118,296
1,119,402
1,120,209
1,121,50
1,122,182
1,123,240
1,124,28
1,125,331
1,126,0
1,127,174
1,128,56
1,129,98
1,130,72
1,131,143
1,132,448
1,133,227
1,134,439
1,135,26
1,136,277
1,137,497
1,138,0
1,139,122
1,140,249
1,141,443
1,142,31
1,143,2
1,144,136
1,145,402
1,146,217
1,147,375
1,148,285
1,149,250
1,150,152
1,151,30
1,152,278
1,153,0
1,154,26
1,155,258
1,156,272
1,157,492
1,158,436
1,159,305
1,160,0
1,161,207
1,162,456
1,163,297
1,164,318
1,165,0
1,166,290
1,167,479
1,168,343
1,169,123
1,170,68
1,171,154
1,172,476
1,173,38
1,174,0
1,175,289
1,176,38
1,177,260
1,178,478
1,179,36
1,180,190
1,181,225
1,182,361
1,183,414
1,184,5
1,185,284
1,186,340
1,187,450
1,188,60
1,189,381
1,190,140
1,191,108
1,192,105
1,193,437
1,194,251
1,195,465
1,196,48
1,197,425
1,198,2
1,199,67
1,200,135
1,201,227
1,202,219
1,203,58
1,204,0
1,205,463
1,206,19
1,207,299
1,208,221
1,209,158
1,210,478
1,211,441
1,212,0
1,213,350
1,214,53
1,215,287
1,216,209
1,217,384
1,218,477
1,219,84
1,220,416
1,221,212
1,222,0
1,223,171
1,224,211
1,225,443
1,226,128
1,227,404
1,228,196
1,229,440
1,230,103
1,231,236
1,232,421
1,233,117
1,234,338
1,235,169
1,236,36
1,237,143
1,238,261
1,239,432
1,240,481
1,241,0
1,242,134
1,243,493
1,244,20
1,245,223
1,246,403
1,247,311
1,248,60
1,249,296
1,250,23
1,251,1
1,252,413
1,253,369
1,254,378
1,255,187
1,256,486
1,257,170
1,258,340
1,259,369
1,260,260
1,261,210
1,262,357
1,263,66
1,264,341
1,265,347
1,266,90
1,267,155
1,268,427
1,269,0
1,270,221
1,271,311
1,272,239
1,273,346
1,274,243
1,275,492
1,276,87
1,277,146
1,278,325
1,279,48
1,280,385
1,281,159
1,282,102
1,283,24
1,284,244
1,285,394
1,286,0
1,287,323
1,288,368
1,289,254
1,290,76
1,291,3
1,292,441
1,293,55
1,294,113
1,295,491
1,296,238
1,297,0
1,298,435
1,299,69
1,300,342
2,1,287
2,2,487
2,3,227
2,4,369
2,5,219
2,6,281
2,7,82
2,8,244
2,9,385
2,10,327
2,11,399
2,12,321
2,13,226
2,14,0
2,15,140
2,16,458
2,17,71
2,18,197
2,19,362
2,20,213
2,21,278
2,22,32
2,23,216
2,24,395
2,25,357
2,26,0
2,27,295
2,28,4
2,29,153
2,30,437
2,31,428
2,32,383
2,33,410
2,34,113
2,35,140
2,36,15
2,37,343
2,38,208
2,39,431
2,40,66
2,41,274
2,42,0
2,43,289
2,44,43
2,45,70
2,46,94
2,47,0
2,48,109
2,49,173
2,50,195
2,51,488
2,52,130
2,53,241
2,54,0
2,55,488
2,56,333
2,57,0
2,58,21
2,59,487
2,60,430
2,61,0
2,62,65
2,63,59
2,64,112
2,65,132
2,66,86
2,67,494
2,68,59
2,69,84
2,70,56
2,71,476
2,72,347
2,73,193
2,74,367
2,75,304
2,76,322
2,77,357
2,78,436
2,79,413
2,80,290
2,81,178
2,82,339
2,83,260
2,84,7
2,85,422
2,86,222
2,87,326
2,88,236
2,89,223
2,90,268
2,91,139
2,92,471
2,93,248
2,94,423
2,95,138
2,96,126
2,97,45
2,98,231
2,99,238
2,100,343
2,101,15
2,102,167
2,103,109
2,104,133
2,105,451
2,106,451
2,107,6
2,108,98
2,109,0
2,110,251
2,111,124
2,112,331
2,113,230
2,114,48
2,115,208
2,116,157
2,117,189
2,118,272
2,119,382
2,120,181
2,121,139
2,122,119
2,123,99
2,124,381
2,125,391
2,126,99
2,127,248
2,128,302
2,129,269
2,130,52
2,131,152
2,132,92
2,133,363
2,134,141
2,135,0
2,136,0
2,137,484
2,138,445
2,139,53
2,140,294
2,141,246
2,142,95
2,143,130
2,144,245
2,145,34
2,146,38
2,147,352
2,148,0
2,149,289
2,150,44
2,151,61
2,152,214
2,153,405
2,154,398
2,155,231
2,156,153
2,157,220
2,158,318
2,159,0
2,160,51
2,161,107
2,162,136
2,163,81
2,164,283
2,165,0
2,166,0
2,167,305
2,168,17
2,169,362
2,170,441
2,171,352
2,172,136
2,173,321
2,174,412
2,175,218
2,176,116
2,177,466
2,178,73
2,179,0
2,180,158
2,181,423
2,182,148
2,183,240
2,184,359
2,185,140
2,186,253
2,187,307
2,188,0
2,189,166
2,190,14
2,191,0
2,192,429
2,193,301
2,194,392
2,195,138
2,196,391
2,197,241
2,198,227
2,199,93
2,200,224
2,201,252
2,202,241
2,203,171
2,204,54
2,205,169
2,206,254
2,207,484
2,208,390
2,209,233
2,210,0
2,211,60
2,212,207
2,213,423
2,214,337
2,215,237
2,216,97
2,217,319
2,218,321
2,219,27
2,220,282
2,221,148
2,222,358
2,223,15
2,224,312
2,225,364
2,226,283
2,227,0
2,228,116
2,229,468
2,230,485
2,231,427
2,232,478
2,233,261
2,234,213
2,235,242
2,236,283
2,237,98
2,238,261
2,239,70
2,240,142
2,241,438
2,242,479
2,243,137
2,244,145
2,245,429
2,246,338
2,247,77
2,248,248
2,249,283
2,250,194
2,251,165
2,252,358
2,253,197
2,254,398
2,255,163
2,256,362
2,257,196
2,258,340
2,259,334
2,260,254
2,261,65
2,262,303
2,263,52
2,264,226
2,265,0
2,266,8
2,267,210
2,268,497
2,269,241
2,270,136
2,271,355
2,272,42
2,273,437
2,274,274
2,275,163
2,276,455
2,277,447
2,278,317
2,279,0
2,280,472
2,281,117
2,282,223
2,283,390
2,284,447
2,285,86
2,286,463
2,287,0
2,288,29
2,289,192
2,290,126
2,291,290
2,292,93
2,293,41
2,294,196
2,295,124
2,296,299
2,297,237
2,298,236
2,299,5
2,300,239
3,1,347
3,2,38
3,3,177
3,4,154
3,5,218
3,6,234
3,7,102
3,8,437
3,9,122
3,10,184
3,11,359
3,12,425
3,13,141
3,14,0
3,15,399
3,16,26
3,17,382
3,18,463
3,19,398
3,20,311
3,21,113
3,22,318
3,23,387
3,24,338
3,25,71
3,26,463
3,27,21
3,28,226
3,29,0
3,30,68
3,31,0
3,32,383
3,33,103
3,34,277
3,35,188
3,36,468
3,37,85
3,38,423
3,39,496
3,40,383
3,41,412
3,42,494
3,43,0
3,44,116
3,45,371
3,46,204
3,47,412
3,48,47
3,49,8
3,50,64
3,51,345
3,52,135
3,53,422
3,54,191
3,55,120
3,56,318
3,57,288
3,58,313
3,59,33
3,60,238
3,61,155
3,62,60
3,63,485
3,64,0
3,65,60
3,66,0
3,67,70
3,68,190
3,69,381
3,70,277
3,71,381
3,72,454
3,73,51
3,74,316
3,75,488
3,76,354
3,77,228
3,78,121
3,79,51
3,80,189
3,81,331
3,82,204
3,83,496
3,84,435
3,85,47
3,86,329
3,87,498
3,88,0
3,89,125
3,90,403
3,91,36
3,92,284
3,93,111
3,94,120
3,95,76
3,96,306
3,97,0
3,98,75
3,99,277
3,100,90
3,101,444
3,102,0
3,103,0
3,104,122
3,105,9
3,106,27
3,107,216
3,108,382
3,109,0
3,110,186
3,111,56
3,112,114
3,113,23
3,114,466
3,115,267
3,116,330
3,117,32
3,118,434
3,119,352
3,120,365
3,121,38
3,122,165
3,123,34
3,124,320
3,125,281
3,126,196
3,127,272
3,128,259
3,129,51
3,130,59
3,131,334
3,132,283
3,133,111
3,134,455
3,135,174
3,136,205
3,137,49
3,138,161
3,139,192
3,140,352
3,141,35
3,142,0
3,143,0
3,144,382
3,145,416
3,146,31
3,147,288
3,148,344
3,149,182
3,150,482
3,151,445
3,152,27
3,153,308
3,154,54
3,155,109
3,156,247
3,157,56
3,158,285
3,159,391
3,160,116
3,161,433
3,162,393
3,163,315
3,164,286
3,165,0
3,166,425
3,167,15
3,168,360
3,169,472
3,170,4
3,171,74
3,172,206
3,173,0
3,174,498
3,175,0
3,176,111
3,177,233
3,178,190
3,179,167
3,180,291
3,181,453
3,182,0
3,183,317
3,184,0
3,185,0
3,186,218
3,187,227
3,188,111
3,189,59
3,190,57
3,191,348
3,192,270
3,193,24
3,194,307
3,195,0
3,196,485
3,197,71
3,198,149
3,199,4
3,200,221
3,201,195
3,202,118
3,203,427
3,204,182
3,205,0
3,206,22
3,207,236
3,208,442
3,209,220
3,210,364
3,211,149
3,212,11
3,213,88
3,214,317
3,215,354
3,216,46
3,217,55
3,218,302
3,219,41
3,220,159
3,221,114
3,222,87
3,223,0
3,224,272
3,225,464
3,226,180
3,227,420
3,228,76
3,229,75
3,230,89
3,231,390
3,232,39
3,233,396
3,234,238
3,235,390
3,236,349
3,237,290
3,238,320
3,239,498
3,240,78
3,241,241
3,242,156
3,243,303
3,244,0
3,245,159
3,246,20
3,247,0
3,248,40
3,249,438
3,250,0
3,251,197
3,252,284
3,253,379
3,254,231
3,255,293
3,256,165
3,257,257
3,258,32
3,259,416
3,260,176
3,261,44
3,262,89
3,263,0
3,264,225
3,265,313
3,266,191
3,267,199
3,268,174
3,269,27
3,270,332
3,271,169
3,272,0
3,273,146
3,274,437
3,275,465
3,276,77
3,277,299
3,278,470
3,279,496
3,280,340
3,281,305
3,282,44
3,283,193
3,284,169
3,285,344
3,286,485
3,287,351
3,288,48
3,289,217
3,290,10
3,291,93
3,292,175
3,293,249
3,294,71
3,295,152
3,296,52
3,297,277
3,298,453
3,299,339
3,300,393
4,1,306
4,2,84
4,3,355
4,4,415
4,5,370
4,6,211
4,7,369
4,8,228
4,9,386
4,10,230
4,11,123
4,12,415
4,13,463
4,14,189
4,15,293
4,16,237
4,17,399
4,18,271
4,19,83
4,20,411
4,21,447
4,22,329
4,23,191
4,24,53
4,25,265
4,26,146
4,27,0
4,28,231
4,29,76
4,30,47
4,31,114
4,32,453
4,33,14
4,34,203
4,35,121
4,36,42
4,37,15
4,38,51
4,39,333
4,40,75
4,41,147
4,42,242
4,43,72
4,44,241
4,45,3
4,46,10
4,47,428
4,48,482
4,49,271
4,50,398
4,51,155
4,52,123
4,53,407
4,54,33
4,55,464
4,56,275
4,57,0
4,58,124
4,59,150
4,60,315
4,61,293
4,62,341
4,63,269
4,64,35
4,65,279
4,66,260
4,67,200
4,68,23
4,69,192
4,70,9
4,71,35
4,72,376
4,73,54
4,74,377
4,75,69
4,76,0
4,77,417
4,78,426
4,79,238
4,80,246
4,81,416
4,82,367
4,83,235
4,84,0
4,85,406
4,86,22
4,87,159
4,88,418
4,89,130
4,90,0
4,91,147
4,92,400
4,93,0
4,94,140
4,95,189
4,96,205
4,97,459
4,98,174
4,99,255
4,100,189
4,101,266
4,102,43
4,103,41
4,104,422
4,105,151
4,106,41
4,107,152
4,108,309
4,109,86
4,110,180
4,111,373
4,112,181
4,113,223
4,114,406
4,115,39
4,116,208
4,117,411
4,118,82
4,119,74
4,120,348
4,121,18
4,122,121
4,123,188
4,124,487
4,125,310
4,126,231
4,127,191
4,128,40
4,129,272
4,130,161
4,131,128
4,132,14
4,133,256
4,134,468
4,135,135
4,136,361
4,137,314
4,138,470
4,139,103
4,140,437
4,141,0
4,142,366
4,143,45
4,144,496
4,145,164
4,146,364
4,147,0
4,148,457
4,149,81
4,150,475
4,151,90
4,152,261
4,153,103
4,154,122
4,155,14
4,156,294
4,157,412
4,158,67
4,159,45
4,160,0
4,161,368
4,162,270
4,163,210
4,164,38
4,165,163
4,166,231
4,167,265
4,168,450
4,169,283
4,170,94
4,171,67
4,172,467
4,173,426
4,174,79
4,175,83
4,176,364
4,177,486
4,178,459
4,179,41
4,180,326
4,181,141
4,182,156
4,183,48
4,184,87
4,185,298
4,186,338
4,187,462
4,188,432
4,189,22
4,190,15
4,191,0
4,192,395
4,193,334
4,194,293
4,195,328
4,196,0
4,197,280
4,198,490
4,199,126
4,200,351
4,201,233
4,202,0
4,203,0
4,204,248
4,205,175
4,206,161
4,207,164
4,208,441
4,209,205
4,210,190
4,211,55
4,212,239
4,213,231
4,214,50
4,215,0
4,216,443
4,217,128
4,218,462
4,219,168
4,220,370
4,221,391
4,222,264
4,223,451
4,224,12
4,225,0
4,226,235
4,227,111
4,228,25
4,229,0
4,230,452
4,231,345
4,232,275
4,233,0
4,234,69
4,235,373
4,236,207
4,237,206
4,238,0
4,239,186
4,240,38
4,241,231
4,242,144
4,243,320
4,244,61
4,245,50
4,246,407
4,247,286
4,248,387
4,249,309
4,250,257
4,251,0
4,252,0
4,253,412
4,254,234
4,255,458
4,256,168
4,257,164
4,258,316
4,259,154
4,260,260
4,261,273
4,262,289
4,263,418
4,264,0
4,265,57
4,266,299
4,267,461
4,268,353
4,269,306
4,270,496
4,271,498
4,272,296
4,273,27
4,274,88
4,275,370
4,276,431
4,277,421
4,278,17
4,279,359
4,280,10
4,281,215
4,282,354
4,283,257
4,284,472
4,285,435
4,286,32
4,287,266
4,288,167
4,289,245
4,290,161
4,291,236
4,292,176
4,293,347
4,294,370
4,295,412
4,296,313
4,297,491
4,298,286
4,299,483
4,300,153
5,1,361
5,2,361
5,3,246
5,4,479
5,5,370
5,6,63
5,7,279
5,8,203
5,9,489
5,10,75
5,11,148
5,12,41
5,13,227
5,14,383
5,15,104
5,16,139
5,17,357
5,18,56
5,19,301
5,20,26
5,21,272
5,22,120
5,23,0
5,24,368
5,25,349
5,26,3
5,27,476
5,28,335
5,29,450
5,30,334
5,31,494
5,32,147
5,33,465
5,34,334
5,35,274
5,36,436
5,37,468
5,38,214
5,39,91
5,40,19
5,41,204
5,42,96
5,43,493
5,44,149
5,45,5
5,46,309
5,47,172
5,48,329
5,49,253
5,50,69
5,51,240
5,52,415
5,53,84
5,54,332
5,55,96
5,56,0
5,57,152
5,58,388
5,59,313
5,60,460
5,61,219
5,62,45
5,63,49
5,64,72
5,65,480
5,66,134
5,67,229
5,68,489
5,69,299
5,70,6
5,71,185
5,72,32
5,73,239
5,74,208
5,75,473
5,76,361
5,77,354
5,78,470
5,79,189
5,80,113
5,81,245
5,82,383
5,83,192
5,84,282
5,85,388
5,86,341
5,87,391
5,88,387
5,89,404
5,90,0
5,91,361
5,92,470
5,93,32
5,94,463
5,95,294
5,96,85
5,97,267
5,98,349
5,99,299
5,100,461
5,101,415
5,102,0
5,103,213
5,104,30
5,105,345
5,106,371
5,107,0
5,108,2
5,109,297
5,110,0
5,111,359
5,112,0
5,113,479
5,114,479
5,115,147
5,116,394
5,117,329
5,118,331
5,119,192
5,120,196
5,121,470
5,122,193
5,123,0
5,124,448
5,125,335
5,126,61
5,127,276
5,128,66
5,129,115
5,130,388
5,131,0
5,132,345
5,133,218
5,134,422
5,135,236
5,136,142
5,137,449
5,138,58
5,139,0
5,140,315
5,141,453
5,142,124
5,143,52
5,144,229
5,145,361
5,146,126
5,147,206
5,148,277
5,149,443
5,150,72
5,151,149
5,152,470
5,153,164
5,154,396
5,155,165
5,156,449
5,157,339
5,158,212
5,159,32
5,160,303
5,161,467
5,162,348
5,163,254
5,164,0
5,165,330
5,166,403
5,167,357
5,168,77
5,169,95
5,170,243
5,171,116
5,172,363
5,173,238
5,174,288
5,175,214
5,176,69
5,177,131
5,178,332
5,179,0
5,180,190
5,181,0
5,182,98
5,183,0
5,184,310
5,185,448
5,186,0
5,187,301
5,188,287
5,189,107
5,190,171
5,191,466
5,192,0
5,193,493
5,194,383
5,195,246
5,196,357
5,197,105
5,198,123
5,199,398
5,200,239
5,201,184
5,202,185
5,203,255
5,204,412
5,205,241
5,206,164
5,207,190
5,208,24
5,209,114
5,210,9
5,211,479
5,212,369
5,213,79
5,214,118
5,215,427
5,216,282
5,217,351
5,218,391
5,219,495
5,220,379
5,221,87
5,222,181
5,223,369
5,224,95
5,225,278
5,226,491
5,227,0
5,228,0
5,229,484
5,230,25
5,231,212
5,232,323
5,233,363
5,234,112
5,235,192
5,236,0
5,237,479
5,238,248
5,239,9
5,240,0
5,241,7
5,242,0
5,243,275
5,244,9
5,245,358
5,246,413
5,247,92
5,248,50
5,249,124
5,250,270
5,251,182
5,252,204
5,253,0
5,254,236
5,255,357
5,256,351
5,257,42
5,258,440
5,259,17
5,260,0
5,261,283
5,262,327
5,263,0
5,264,256
5,265,331
5,266,290
5,267,499
5,268,0
5,269,22
5,270,462
5,271,455
5,272,139
5,273,0
5,274,0
5,275,461
5,276,337
5,277,0
5,278,162
5,279,0
5,280,74
5,281,365
5,282,476
5,283,0
5,284,124
5,285,435
5,286,460
5,287,197
5,288,72
5,289,353
5,290,257
5,291,178
5,292,0
5,293,430
5,294,0
5,295,315
5,296,204
5,297,168
5,298,0
5,299,231
5,300,183
6,1,193
6,2,349
6,3,195
6,4,0
6,5,409
6,6,38
6,7,0
6,8,365
6,9,79
6,10,163
6,11,47
6,12,0
6,13,185
6,14,53
6,15,96
6,16,286
6,17,209
6,18,46
6,19,48
6,20,402
6,21,198
6,22,0
6,23,399
6,24,0
6,25,464
6,26,125
6,27,87
6,28,87
6,29,155
6,30,75
6,31,0
6,32,216
6,33,401
6,34,0
6,35,127
6,36,254
6,37,101
6,38,70
6,39,486
6,40,431
6,41,412
6,42,226
6,43,418
6,44,334
6,45,70
6,46,309
6,47,103
6,48,91
6,49,496
6,50,377
6,51,252
6,52,401
6,53,193
6,54,403
6,55,59
6,56,103
6,57,280
6,58,394
6,59,488
6,60,483
6,61,225
6,62,426
6,63,420
6,64,408
6,65,256
6,66,156
6,67,338
6,68,217
6,69,38
6,70,307
6,71,206
6,72,473
6,73,355
6,74,19
6,75,185
6,76,416
6,77,327
6,78,56
6,79,337
6,80,86
6,81,23
6,82,331
6,83,205
6,84,170
6,85,221
6,86,51
6,87,262
6,88,286
6,89,295
6,90,192
6,91,396
6,92,354
6,93,177
6,94,248
6,95,213
6,96,44
6,97,482
6,98,179
6,99,234
6,100,267
6,101,244
6,102,0
6,103,232
6,104,154
6,105,0
6,106,12
6,107,332
6,108,410
6,109,380
6,110,90
6,111,170
6,112,491
6,113,409
6,114,95
6,115,337
6,116,15
6,117,453
6,118,304
6,119,3
6,120,106
6,121,361
6,122,33
6,123,410
6,124,96
6,125,101
6,126,135
6,127,251
6,128,328
6,129,199
6,130,301
6,131,181
6,132,317
6,133,345
6,134,153
6,135,303
6,136,0
6,137,61
6,138,60
6,139,356
6,140,199
6,141,71
6,142,217
6,143,326
6,144,471
6,145,89
6,146,251
6,147,96
6,148,231
6,149,444
6,150,5
6,151,100
6,152,494
6,153,335
6,154,351
6,155,364
6,156,251
6,157,290
6,158,0
6,159,150
6,160,0
6,161,148
6,162,235
6,163,396
6,164,282
6,165,294
6,166,397
6,167,188
6,168,388
6,169,0
6,170,280
6,171,218
6,172,425
6,173,127
6,174,17
6,175,179
6,176,45
6,177,61
6,178,122
6,179,378
6,180,180
6,181,313
6,182,85
6,183,402
6,184,106
6,185,292
6,186,144
6,187,87
6,188,361
6,189,294
6,190,440
6,191,461
6,192,49
6,193,385
6,194,471
6,195,0
6,196,336
6,197,444
6,198,75
6,199,425
6,200,432
6,201,251
6,202,324
6,203,213
6,204,39
6,205,451
6,206,207
6,207,143
6,208,450
6,209,487
6,210,298
6,211,0
6,212,376
6,213,0
6,214,326
6,215,184
6,216,408
6,217,112
6,218,423
6,219,138
6,220,146
6,221,296
6,222,437
6,223,176
6,224,391
6,225,0
6,226,0
6,227,236
6,228,0
6,229,81
6,230,1
6,231,220
6,232,353
6,233,452
6,234,82
6,235,449
6,236,336
6,237,43
6,238,463
6,239,27
6,240,157
6,241,387
6,242,336
6,243,0
6,244,0
6,245,40
6,246,116
6,247,228
6,248,0
6,249,419
6,250,441
6,251,68
6,252,118
6,253,375
6,254,53
6,255,452
6,256,196
6,257,386
6,258,329
6,259,74
6,260,0
6,261,313
6,262,226
6,263,110
6,264,78
6,265,316
6,266,441
6,267,460
6,268,386
6,269,374
6,270,494
6,271,406
6,272,142
6,273,128
6,274,308
6,275,146
6,276,354
6,277,0
6,278,449
6,279,266
6,280,97
6,281,152
6,282,402
6,283,489
6,284,198
6,285,256
6,286,37
6,287,7
6,288,479
6,289,199
6,290,292
6,291,280
6,292,391
6,293,395
6,294,0
6,295,8
6,296,21
6,297,486
6,298,260
6,299,365
6,300,213
7,1,206
7,2,0
7,3,316
7,4,43
7,5,262
7,6,499
7,7,275
7,8,301
7,9,428
7,10,330
7,11,0
7,12,374
7,13,123
7,14,0
7,15,0
7,16,233
7,17,29
7,18,380
7,19,90
7,20,363
7,21,6
7,22,488
7,23,265
7,24,370
7,25,191
7,26,400
7,27,376
7,28,395
7,29,172
7,30,140
7,31,135
7,32,296
7,33,255
7,34,185
7,35,0
7,36,86
7,37,131
7,38,458
7,39,371
7,40,380
7,41,23
7,42,7
7,43,242
7,44,472
7,45,477
7,46,19
7,47,468
7,48,336
7,49,165
7,50,469
7,51,139
7,52,293
7,53,258
7,54,27
7,55,412
7,56,24
7,57,36
7,58,444
7,59,433
7,60,45
7,61,5
7,62,150
7,63,156
7,64,125
7,65,303
7,66,396
7,67,376
7,68,390
7,69,78
7,70,0
7,71,120
7,72,326
7,73,450
7,74,0
7,75,389
7,76,435
7,77,158
7,78,272
7,79,215
7,80,31
7,81,73
7,82,48
7,83,0
7,84,433
7,85,359
7,86,235
7,87,44
7,88,259
7,89,420
7,90,304
7,91,223
7,92,67
7,93,134
7,94,475
7,95,359
7,96,168
7,97,140
7,98,484
7,99,400
7,100,56
7,101,85
7,102,161
7,103,275
7,104,395
7,105,158
7,106,437
7,107,81
7,108,156
7,109,357
7,110,111
7,111,168
7,112,365
7,113,183
7,114,26
7,115,134
7,116,90
7,117,0
7,118,232
7,119,282
7,120,237
7,121,407
7,122,7
7,123,0
7,124,114
7,125,422
7,126,352
7,127,331
7,128,0
7,129,470
7,130,12
7,131,102
7,132,228
7,133,48
7,134,425
7,135,63
7,136,0
7,137,87
7,138,222
7,139,203
7,140,196
7,141,89
7,142,466
7,143,144
7,144,77
7,145,0
7,146,126
7,147,256
7,148,282
7,149,45
7,150,71
7,151,330
7,152,270
7,153,411
7,154,10
7,155,401
7,156,246
7,157,249
7,158,290
7,159,199
7,160,14
7,161,113
7,162,0
7,163,144
7,164,0
7,165,272
7,166,300
7,167,499
7,168,127
7,169,137
7,170,406
7,171,29
7,172,486
7,173,434
7,174,199
7,175,430
7,176,89
7,177,304
7,178,378
7,179,468
7,180,361
7,181,486
7,182,73
7,183,97
7,184,415
7,185,253
7,186,90
7,187,47
7,188,0
7,189,11
7,190,1
7,191,315
7,192,67
7,193,91
7,194,433
7,195,31
7,196,0
7,197,470
7,198,57
7,199,441
7,200,38
7,201,483
7,202,301
7,203,155
7,204,500
7,205,486
7,206,328
7,207,333
7,208,363
7,209,356
7,210,315
7,211,115
7,212,418
7,213,158
7,214,151
7,215,374
7,216,0
7,217,294
7,218,395
7,219,17
7,220,163
7,221,496
7,222,328
7,223,480
7,224,170
7,225,122
7,226,164
7,227,454
7,228,421
7,229,328
7,230,172
7,231,136
7,232,355
7,233,0
7,234,56
7,235,25
7,236,376
7,237,86
7,238,253
7,239,180
7,240,52
7,241,404
7,242,334
7,243,116
7,244,38
7,245,18
7,246,164
7,247,54
7,248,0
7,249,193
7,250,39
7,251,460
7,252,174
7,253,315
7,254,361
7,255,0
7,256,85
7,257,223
7,258,52
7,259,499
7,260,357
7,261,474
7,262,136
7,263,153
7,264,26
7,265,282
7,266,79
7,267,0
7,268,0
7,269,0
7,270,321
7,271,103
7,272,0
7,273,327
7,274,42
7,275,60
7,276,204
7,277,459
7,278,47
7,279,199
7,280,454
7,281,96
7,282,135
7,283,135
7,284,138
7,285,78
7,286,342
7,287,0
7,288,414
7,289,498
7,290,117
7,291,431
7,292,268
7,293,275
7,294,480
7,295,452
7,296,154
7,297,0
7,298,366
7,299,0
7,300,265
8,1,347
8,2,76
8,3,388
8,4,486
8,5,498
8,6,99
8,7,217
8,8,0
8,9,104
8,10,322
8,11,305
8,12,467
8,13,414
8,14,0
8,15,204
8,16,439
8,17,235
8,18,7
8,19,320
8,20,401
8,21,213
8,22,291
8,23,389
8,24,52
8,25,289
8,26,403
8,27,275
8,28,450
8,29,197
8,30,293
8,31,20
8,32,207
8,33,312
8,34,206
8,35,0
8,36,170
8,37,26
8,38,472
8,39,191
8,40,0
8,41,156
8,42,432
8,43,357
8,44,498
8,45,69
8,46,381
8,47,423
8,48,374
8,49,331
8,50,0
8,51,468
8,52,380
8,53,265
8,54,421
8,55,0
8,56,34
8,57,260
8,58,400
8,59,451
8,60,89
8,61,427
8,62,30
8,63,234
8,64,0
8,65,102
8,66,422
8,67,204
8,68,64
8,69,124
8,70,305
8,71,492
8,72,301
8,73,177
8,74,458
8,75,426
8,76,146
8,77,0
8,78,0
8,79,400
8,80,439
8,81,116
8,82,138
8,83,263
8,84,0
8,85,393
8,86,243
8,87,332
8,88,411
8,89,0
8,90,413
8,91,365
8,92,330
8,93,459
8,94,179
8,95,112
8,96,347
8,97,320
8,98,53
8,99,0
8,100,495
8,101,192
8,102,305
8,103,153
8,104,247
8,105,0
8,106,328
8,107,142
8,108,365
8,109,334
8,110,77
8,111,124
8,112,413
8,113,415
8,114,339
8,115,72
8,116,336
8,117,152
8,118,215
8,119,378
8,120,0
8,121,293
8,122,176
8,123,114
8,124,327
8,125,465
8,126,184
8,127,433
8,128,337
8,129,93
8,130,242
8,131,133
8,132,287
8,133,94
8,134,461
8,135,46
8,136,115
8,137,158
8,138,455
8,139,134
8,140,238
8,141,241
8,142,0
8,143,298
8,144,37
8,145,100
8,146,445
8,147,272
8,148,28
8,149,78
8,150,103
8,151,292
8,152,235
8,153,442
8,154,399
8,155,0
8,156,91
8,157,30
8,158,0
8,159,390
8,160,296
8,161,251
8,162,400
8,163,0
8,164,325
8,165,220
8,166,197
8,167,0
8,168,375
8,169,8
8,170,388
8,171,98
8,172,0
8,173,0
8,174,116
8,175,177
8,176,53
8,177,302
8,178,34
8,179,153
8,180,234
8,181,306
8,182,223
8,183,69
8,184,462
8,185,385
8,186,486
8,187,416
8,188,117
8,189,68
8,190,12
8,191,87
8,192,365
8,193,20
8,194,328
8,195,274
8,196,305
8,197,339
8,198,429
8,199,0
8,200,214
8,201,64
8,202,243
8,203,106
8,204,323
8,205,0
8,206,52
8,207,139
8,208,359
8,209,426
8,210,262
8,211,61
8,212,402
8,213,102
8,214,399
8,215,268
8,216,184
8,217,152
8,218,281
8,219,107
8,220,247
8,221,2
8,222,0
8,223,0
8,224,294
8,225,77
8,226,400
8,227,371
8,228,464
8,229,119
8,230,152
8,231,26
8,232,0
8,233,21
8,234,185
8,235,161
8,236,60
8,237,0
8,238,24
8,239,0
8,240,332
8,241,184
8,242,490
8,243,450
8,244,191
8,245,94
8,246,205
8,247,140
8,248,354
8,249,410
8,250,454
8,251,58
8,252,372
8,253,0
8,254,82
8,255,467
8,256,411
8,257,225
8,258,195
8,259,314
8,260,0
8,261,430
8,262,457
8,263,472
8,264,455
8,265,24
8,266,0
8,267,7
8,268,348
8,269,381
8,270,290
8,271,490
8,272,174
8,273,353
8,274,49
8,275,373
8,276,178
8,277,329
8,278,430
8,279,457
8,280,28
8,281,0
8,282,259
8,283,437
8,284,85
8,285,0
8,286,124
8,287,143
8,288,0
8,289,330
8,290,419
8,291,236
8,292,294
8,293,439
8,294,162
8,295,255
8,296,10
8,297,212
8,298,0
8,299,423
8,300,0
9,1,317
9,2,456
9,3,106
9,4,234
9,5,187
9,6,419
9,7,233
9,8,393
9,9,243
9,10,187
9,11,59
9,12,0
9,13,2
9,14,425
9,15,410
9,16,268
9,17,55
9,18,0
9,19,72
9,20,381
9,21,55
9,22,101
9,23,477
9,24,111
9,25,401
9,26,174
9,27,213
9,28,0
9,29,345
9,30,396
9,31,235
9,32,490
9,33,494
9,34,272
9,35,284
9,36,430
9,37,474
9,38,472
9,39,355
9,40,375
9,41,54
9,42,308
9,43,165
9,44,197
9,45,312
9,46,391
9,47,204
9,48,497
9,49,413
9,50,212
9,51,454
9,52,154
9,53,281
9,54,365
9,55,284
9,56,103
9,57,366
9,58,177
9,59,68
9,60,333
9,61,92
9,62,356
9,63,364
9,64,181
9,65,299
9,66,342
9,67,346
9,68,431
9,69,450
9,70,414
9,71,0
9,72,196
9,73,344
9,74,0
9,75,403
9,76,147
9,77,75
9,78,354
9,79,105
9,80,17
9,81,232
9,82,445
9,83,288
9,84,381
9,85,200
9,86,402
9,87,357
9,88,341
9,89,0
9,90,214
9,91,500
9,92,495
9,93,7
9,94,104
9,95,400
9,96,227
9,97,467
9,98,364
9,99,387
9,100,379
9,101,398
9,102,100
9,103,91
9,104,39
9,105,89
9,106,62
9,107,220
9,108,136
9,109,300
9,110,3
9,111,364
9,112,21
9,113,166
9,114,397
9,115,316
9,116,155
9,117,294
9,118,38
9,119,163
9,120,490
9,121,35
9,122,82
9,123,275
9,124,179
9,125,110
9,126,170
9,127,112
9,128,317
9,129,288
9,130,333
9,131,0
9,132,229
9,133,329
9,134,319
9,135,21
9,136,165
9,137,408
9,138,198
9,139,371
9,140,467
9,141,395
9,142,412
9,143,250
9,144,0
9,145,99
9,146,43
9,147,86
9,148,396
9,149,4
9,150,108
9,151,397
9,152,351
9,153,54
9,154,425
9,155,500
9,156,223
9,157,482
9,158,0
9,159,13
9,160,170
9,161,0
9,162,0
9,163,129
9,164,295
9,165,467
9,166,199
9,167,208
9,168,9
9,169,61
9,170,329
9,171,33
9,172,300
9,173,0
9,174,184
9,175,55
9,176,352
9,177,45
9,178,475
9,179,203
9,180,16
9,181,274
9,182,383
9,183,409
9,184,152
9,185,74
9,186,455
9,187,408
9,188,332
9,189,487
9,190,0
9,191,73
9,192,3
9,193,202
9,194,485
9,195,0
9,196,380
9,197,177
9,198,464
9,199,263
9,200,95
9,201,428
9,202,59
9,203,410
9,204,28
9,205,478
9,206,282
9,207,282
9,208,0
9,209,129
9,210,0
9,211,250
9,212,183
9,213,336
9,214,146
9,215,461
9,216,249
9,217,316
9,218,356
9,219,290
9,220,414
9,221,220
9,222,161
9,223,114
9,224,329
9,225,431
9,226,348
9,227,450
9,228,229
9,229,157
9,230,56
9,231,311
9,232,0
9,233,424
9,234,276
9,235,376
9,236,40
9,237,457
9,238,0
9,239,16
9,240,297
9,241,303
9,242,19
9,243,279
9,244,277
9,245,397
9,246,201
9,247,396
9,248,439
9,249,238
9,250,47
9,251,258
9,252,0
9,253,494
9,254,315
9,255,388
9,256,229
9,257,290
9,258,338
9,259,75
9,260,248
9,261,21
9,262,250
9,263,136
9,264,22
9,265,266
9,266,185
9,267,470
9,268,24
9,269,0
9,270,53
9,271,267
9,272,141
9,273,135
9,274,292
9,275,335
9,276,301
9,277,428
9,278,0
9,279,499
9,280,265
9,281,419
9,282,250
9,283,455
9,284,257
9,285,226
9,286,40
9,287,144
9,288,96
9,289,309
9,290,61
9,291,213
9,292,369
9,293,346
9,294,108
9,295,332
9,296,12
9,297,66
9,298,83
9,299,263
9,300,0
10,1,29
10,2,473
10,3,491
10,4,497
10,5,10
10,6,373
10,7,146
10,8,111
10,9,242
10,10,88
10,11,211
10,12,407
10,13,393
10,14,338
10,15,86
10,16,176
10,17,306
10,18,118
10,19,68
10,20,104
10,21,466
10,22,215
10,23,311
10,24,0
10,25,315
10,26,450
10,27,258
10,28,48
10,29,67
10,30,277
10,31,460
10,32,348
10,33,268
10,34,448
10,35,0
10,36,118
10,37,247
10,38,196
10,39,412
10,40,390
10,41,295
10,42,0
10,43,245
10,44,466
10,45,146
10,46,279
10,47,97
10,48,0
10,49,4
10,50,61
10,51,193
10,52,353
10,53,210
10,54,80
10,55,300
10,56,438
10,57,290
10,58,142
10,59,204
10,60,212
10,61,286
10,62,190
10,63,248
10,64,158
10,65,397
10,66,377
10,67,443
10,68,383
10,69,401
10,70,83
10,71,261
10,72,174
10,73,315
10,74,362
10,75,0
10,76,326
10,77,0
10,78,0
10,79,475
10,80,46
10,81,0
10,82,41
10,83,371
10,84,206
10,85,267
10,86,494
10,87,485
10,88,90
10,89,225
10,90,0
10,91,477
10,92,147
10,93,402
10,94,265
10,95,315
10,96,19
10,97,336
10,98,0
10,99,142
10,100,181
10,101,208
10,102,266
10,103,0
10,104,471
10,105,0
10,106,425
10,107,299
10,108,494
10,109,116
10,110,100
10,111,207
10,112,134
10,113,260
10,114,38
10,115,175
10,116,412
10,117,132
10,118,417
10,119,129
10,120,495
10,121,248
10,122,388
10,123,398
10,124,236
10,125,442
10,126,0
10,127,35
10,128,404
10,129,347
10,130,410
10,131,490
10,132,275
10,133,0
10,134,128
10,135,205
10,136,421
10,137,284
10,138,244
10,139,112
10,140,138
10,141,383
10,142,466
10,143,378
10,144,377
10,145,136
10,146,104
10,147,429
10,148,80
10,149,62
10,150,347
10,151,253
10,152,392
10,153,491
10,154,0
10,155,318
10,156,460
10,157,460
10,158,141
10,159,392
10,160,144
10,161,385
10,162,28
10,163,217
10,164,277
10,165,0
10,166,441
10,167,90
10,168,62
10,169,236
10,170,5
10,171,0
10,172,298
10,173,186
10,174,133
10,175,135
10,176,242
10,177,176
10,178,256
10,179,215
10,180,191
10,181,206
10,182,93
10,183,295
10,184,417
10,185,0
10,186,121
10,187,439
10,188,75
10,189,379
10,190,413
10,191,0
10,192,69
10,193,435
10,194,274
10,195,403
10,196,129
10,197,291
10,198,0
10,199,0
10,200,111
10,201,244
10,202,50
10,203,172
10,204,185
10,205,478
10,206,177
10,207,0
10,208,445
10,209,311
10,210,295
10,211,276
10,212,400
10,213,167
10,214,250
10,215,229
10,216,196
10,217,238
10,218,75
10,219,328
10,220,173
10,221,314
10,222,435
10,223,41
10,224,117
10,225,335
10,226,137
10,227,203
10,228,228
10,229,481
10,230,301
10,231,231
10,232,95
10,233,65
10,234,339
10,235,381
10,236,41
10,237,204
10,238,33
10,239,243
10,240,14
10,241,269
10,242,43
10,243,317
10,244,336
10,245,200
10,246,127
10,247,227
10,248,68
10,249,88
10,250,0
10,251,441
10,252,443
10,253,500
10,254,479
10,255,228
10,256,486
10,257,91
10,258,234
10,259,326
10,260,223
10,261,328
10,262,466
10,263,277
10,264,46
10,265,188
10,266,80
10,267,1
10,268,389
10,269,177
10,270,274
10,271,0
10,272,485
10,273,154
10,274,0
10,275,150
10,276,408
10,277,0
10,278,211
10,279,224
10,280,84
10,281,331
10,282,194
10,283,41
10,284,123
10,285,410
10,286,414
10,287,140
10,288,381
10,289,138
10,290,437
10,291,0
10,292,57
10,293,317
10,294,359
10,295,97
10,296,78
10,297,0
10,298,96
10,299,145
10,300,367
1,301,448
2,301,262
3,301,441
4,301,60
5,301,327
6,301,489
7,301,330
8,301,217
9,301,152
10,301,327
1,302,64
2,302,297
3,302,423
4,302,279
5,302,42
6,302,292
7,302,224
8,302,485
9,302,124
10,302,268
1,303,239
2,303,425
3,303,418
4,303,388
5,303,266
6,303,339
7,303,188
8,303,102
9,303,456
10,303,169
1,304,342
2,304,180
3,304,161
4,304,183
5,304,450
6,304,190
7,304,288
8,304,360
9,304,302
10,304,411
1,305,382
2,305,167
3,305,418
4,305,408
5,305,182
6,305,293
7,305,462
8,305,357
9,305,370
10,305,288
1,306,453
2,306,198
3,306,154
4,306,58
5,306,282
6,306,109
7,306,361
8,306,202
9,306,223
10,306,138
1,307,23
2,307,132
3,307,159
4,307,475
5,307,106
6,307,429
7,307,189
8,307,97
9,307,321
10,307,137
1,308,62
2,308,490
3,308,212
4,308,330
5,308,111
6,308,291
7,308,228
8,308,351
9,308,280
10,308,24
1,309,34
2,309,94
3,309,241
4,309,419
5,309,74
6,309,77
7,309,461
8,309,305
9,309,155
10,309,243
1,310,121
2,310,33
3,310,37
4,310,324
5,310,271
6,310,121
7,310,72
8,310,305
9,310,425
10,310,115
1,311,125
2,311,99
3,311,381
4,311,123
5,311,276
6,311,102
7,311,151
8,311,176
9,311,397
10,311,445
1,312,404
2,312,394
3,312,58
4,312,128
5,312,311
6,312,140
7,312,187
8,312,185
9,312,139
10,312,77
1,313,101
2,313,234
3,313,468
4,313,190
5,313,99
6,313,99
7,313,32
8,313,396
9,313,410
10,313,24
1,314,283
2,314,355
3,314,480
4,314,448
5,314,230
6,314,343
7,314,124
8,314,299
9,314,196
10,314,218
1,315,345
2,315,90
3,315,99
4,315,165
5,315,71
6,315,83
7,315,82
8,315,377
9,315,130
10,315,379
1,316,29
2,316,134
3,316,240
4,316,96
5,316,285
6,316,178
7,316,208
8,316,91
9,316,308
10,316,272
1,317,129
2,317,398
3,317,154
4,317,101
5,317,324
6,317,171
7,317,336
8,317,447
9,317,95
10,317,355
1,318,166
2,318,207
3,318,92
4,318,309
5,318,457
6,318,132
7,318,256
8,318,318
9,318,308
10,318,449
1,319,285
2,319,171
3,319,115
4,319,154
5,319,210
6,319,387
7,319,81
8,319,114
9,319,493
10,319,220
1,320,369
2,320,403
3,320,469
4,320,257
5,320,419
6,320,430
7,320,187
8,320,299
9,320,46
10,320,133
1,321,90
2,321,470
3,321,205
4,321,89
5,321,319
6,321,174
7,321,300
8,321,322
9,321,93
10,321,98
1,322,85
2,322,118
3,322,291
4,322,248
5,322,129
6,322,41
7,322,453
8,322,474
9,322,476
10,322,442
1,323,436
2,323,283
3,323,229
4,323,208
5,323,49
6,323,270
7,323,31
8,323,391
9,323,212
10,323,309
1,324,291
2,324,342
3,324,190
4,324,270
5,324,496
6,324,235
7,324,281
8,324,181
9,324,120
10,324,448
1,325,27
2,325,364
3,325,304
4,325,287
5,325,355
6,325,430
7,325,311
8,325,391
9,325,195
10,325,23
1,326,185
2,326,336
3,326,234
4,326,196
5,326,103
6,326,177
7,326,452
8,326,350
9,326,153
10,326,183
1,327,42
2,327,200
3,327,96
4,327,193
5,327,66
6,327,85
7,327,219
8,327,456
9,327,339
10,327,223
1,328,136
2,328,92
3,328,142
4,328,88
5,328,414
6,328,311
7,328,450
8,328,146
9,328,474
10,328,357
1,329,153
2,329,120
3,329,426
4,329,278
5,329,61
6,329,59
7,329,169
8,329,450
9,329,27
10,329,220
1,330,291
2,330,55
3,330,402
4,330,129
5,330,117
6,330,340
7,330,154
8,330,48
9,330,312
10,330,498
1,331,204
2,331,487
3,331,172
4,331,497
5,331,76
6,331,72
7,331,457
8,331,207
9,331,112
10,331,303
1,332,130
2,332,302
3,332,160
4,332,60
5,332,319
6,332,391
7,332,430
8,332,409
9,332,397
10,332,166
1,333,192
2,333,375
3,333,370
4,333,52
5,333,171
6,333,157
7,333,297
8,333,323
9,333,222
10,333,317
1,334,233
2,334,322
3,334,456
4,334,367
5,334,227
6,334,446
7,334,31
8,334,409
9,334,498
10,334,192
1,335,361
2,335,281
3,335,333
4,335,486
5,335,297
6,335,363
7,335,426
8,335,233
9,335,300
10,335,133
